city,week_key,n_posts,mean_polarity,median_polarity,pct_negative,pct_positive,n_posts_crime,mean_polarity_crime,median_polarity_crime,pct_negative_crime,pct_positive_crime
Edmonton,2009-W33,1.0,0.175,0.175,0.0,1.0,,,,,
Edmonton,2009-W38,1.0,-0.13816738816738816,-0.13816738816738816,1.0,0.0,1.0,-0.13816738816738816,-0.13816738816738816,1.0,0.0
Edmonton,2009-W44,1.0,-0.04352661227661226,-0.04352661227661226,0.0,0.0,1.0,-0.04352661227661226,-0.04352661227661226,0.0,0.0
Edmonton,2009-W49,1.0,0.11893939393939394,0.11893939393939394,0.0,1.0,,,,,
Edmonton,2010-W01,2.0,0.0695616920461641,0.0695616920461641,0.0,0.5,1.0,0.00459167241775938,0.00459167241775938,0.0,0.0
Edmonton,2010-W03,1.0,0.14073011398592797,0.14073011398592797,0.0,1.0,1.0,0.14073011398592797,0.14073011398592797,0.0,1.0
Edmonton,2010-W07,1.0,0.13262135241301912,0.13262135241301912,0.0,1.0,,,,,
Edmonton,2010-W15,1.0,0.2579226377071205,0.2579226377071205,0.0,1.0,1.0,0.2579226377071205,0.2579226377071205,0.0,1.0
Edmonton,2010-W16,1.0,0.11134920634920636,0.11134920634920636,0.0,1.0,1.0,0.11134920634920636,0.11134920634920636,0.0,1.0
Edmonton,2010-W21,1.0,-0.2,-0.2,1.0,0.0,,,,,
Edmonton,2010-W26,1.0,0.028260667903525036,0.028260667903525036,0.0,0.0,1.0,0.028260667903525036,0.028260667903525036,0.0,0.0
Edmonton,2010-W27,1.0,-0.01712962962962963,-0.01712962962962963,0.0,0.0,1.0,-0.01712962962962963,-0.01712962962962963,0.0,0.0
Edmonton,2010-W28,1.0,-0.012499999999999997,-0.012499999999999997,0.0,0.0,,,,,
Edmonton,2010-W41,1.0,0.3482142857142857,0.3482142857142857,0.0,1.0,,,,,
Edmonton,2010-W45,1.0,-0.08217592592592594,-0.08217592592592594,1.0,0.0,,,,,
Edmonton,2010-W46,1.0,0.00862193362193361,0.00862193362193361,0.0,0.0,1.0,0.00862193362193361,0.00862193362193361,0.0,0.0
Edmonton,2010-W47,1.0,0.19065656565656564,0.19065656565656564,0.0,1.0,1.0,0.19065656565656564,0.19065656565656564,0.0,1.0
Edmonton,2010-W48,1.0,0.1775831934505404,0.1775831934505404,0.0,1.0,1.0,0.1775831934505404,0.1775831934505404,0.0,1.0
Edmonton,2010-W49,4.0,0.06866110820525081,0.10739744125424502,0.25,0.75,4.0,0.06866110820525081,0.10739744125424502,0.25,0.75
Edmonton,2010-W50,2.0,-0.009863535620433747,-0.009863535620433747,0.0,0.0,2.0,-0.009863535620433747,-0.009863535620433747,0.0,0.0
Edmonton,2010-W51,1.0,0.17525510204081635,0.17525510204081635,0.0,1.0,,,,,
Edmonton,2010-W52,1.0,0.11203703703703703,0.11203703703703703,0.0,1.0,,,,,
Edmonton,2011-W01,4.0,0.10470408240428658,0.08212250273672687,0.0,0.5,2.0,0.22912542671333508,0.22912542671333508,0.0,1.0
Edmonton,2011-W02,1.0,0.18932411674347163,0.18932411674347163,0.0,1.0,1.0,0.18932411674347163,0.18932411674347163,0.0,1.0
Edmonton,2011-W04,1.0,-0.027777777777777773,-0.027777777777777773,0.0,0.0,1.0,-0.027777777777777773,-0.027777777777777773,0.0,0.0
Edmonton,2011-W08,2.0,-0.1790777674706246,-0.1790777674706246,0.5,0.5,,,,,
Edmonton,2011-W09,1.0,0.0,0.0,0.0,0.0,,,,,
Edmonton,2011-W11,4.0,0.09070817299983966,0.08141634599967933,0.25,0.5,2.0,-0.12708333333333333,-0.12708333333333333,0.5,0.0
Edmonton,2011-W12,2.0,0.014285964806798142,0.014285964806798142,0.0,0.0,1.0,-0.002686938832772173,-0.002686938832772173,0.0,0.0
Edmonton,2011-W13,1.0,0.043354018084233926,0.043354018084233926,0.0,0.0,1.0,0.043354018084233926,0.043354018084233926,0.0,0.0
Edmonton,2011-W15,2.0,-0.08133116883116881,-0.08133116883116881,0.5,0.5,1.0,-0.22499999999999995,-0.22499999999999995,1.0,0.0
Edmonton,2011-W16,3.0,-0.021633748196248193,0.004543199855699862,0.3333333333333333,0.0,3.0,-0.021633748196248193,0.004543199855699862,0.3333333333333333,0.0
Edmonton,2011-W19,3.0,-0.032050509504213204,-0.09000000000000001,0.6666666666666666,0.3333333333333333,2.0,-0.1417058147613703,-0.1417058147613703,1.0,0.0
Edmonton,2011-W20,1.0,0.17760683760683751,0.17760683760683751,0.0,1.0,1.0,0.17760683760683751,0.17760683760683751,0.0,1.0
Edmonton,2011-W22,3.0,0.07751322751322749,0.02976190476190475,0.0,0.3333333333333333,1.0,0.02976190476190475,0.02976190476190475,0.0,0.0
Edmonton,2011-W24,1.0,0.20038427755819063,0.20038427755819063,0.0,1.0,,,,,
Edmonton,2011-W25,5.0,-0.019959285699650813,-0.013130570409982164,0.4,0.4,3.0,-0.06205275370336222,-0.013130570409982164,0.3333333333333333,0.3333333333333333
Edmonton,2011-W26,1.0,0.005546327057954967,0.005546327057954967,0.0,0.0,,,,,
Edmonton,2011-W27,3.0,0.16274305555555554,0.16666666666666666,0.0,1.0,1.0,0.16666666666666666,0.16666666666666666,0.0,1.0
Edmonton,2011-W28,1.0,0.01777777777777777,0.01777777777777777,0.0,0.0,,,,,
Edmonton,2011-W29,8.0,-0.045789990680615705,-0.022048611111111116,0.25,0.375,3.0,-0.02709986772486773,-0.030555555555555558,0.0,0.0
Edmonton,2011-W30,2.0,0.04893308080808081,0.04893308080808081,0.0,0.5,,,,,
Edmonton,2011-W31,7.0,0.019956572242642478,0.021457809386380814,0.2857142857142857,0.42857142857142855,5.0,0.022383645584143918,0.021457809386380814,0.2,0.4
Edmonton,2011-W32,1.0,0.051094276094276095,0.051094276094276095,0.0,1.0,,,,,
Edmonton,2011-W38,2.0,0.08220721828676375,0.08220721828676375,0.0,0.5,1.0,0.12152777777777779,0.12152777777777779,0.0,1.0
Edmonton,2011-W39,1.0,0.0482077922077922,0.0482077922077922,0.0,0.0,,,,,
Edmonton,2011-W40,3.0,0.17648083224645725,-0.00477972548285049,0.3333333333333333,0.3333333333333333,1.0,-0.06577777777777778,-0.06577777777777778,1.0,0.0
Edmonton,2011-W41,1.0,-0.02857142857142858,-0.02857142857142858,0.0,0.0,1.0,-0.02857142857142858,-0.02857142857142858,0.0,0.0
Edmonton,2011-W42,4.0,0.0735977564102564,0.05292467948717948,0.5,0.5,4.0,0.0735977564102564,0.05292467948717948,0.5,0.5
Edmonton,2011-W43,2.0,0.26251473063973063,0.26251473063973063,0.0,1.0,1.0,0.16947390572390575,0.16947390572390575,0.0,1.0
Edmonton,2011-W44,3.0,0.05501394030805797,0.09846256684491982,0.3333333333333333,0.6666666666666666,2.0,-0.016677807486630995,-0.016677807486630995,0.5,0.5
Edmonton,2011-W45,4.0,0.02969282135688385,0.03076295752858252,0.0,0.25,2.0,0.03076295752858252,0.03076295752858252,0.0,0.0
Edmonton,2011-W46,7.0,0.08366492882117879,0.09828823953823952,0.14285714285714285,0.8571428571428571,4.0,0.10692775974025973,0.09828823953823952,0.0,1.0
Edmonton,2011-W47,2.0,0.05407091097308489,0.05407091097308489,0.0,0.5,2.0,0.05407091097308489,0.05407091097308489,0.0,0.5
Edmonton,2011-W48,3.0,0.08803824700475027,0.05064133397466734,0.0,0.6666666666666666,2.0,0.13801922115647605,0.13801922115647605,0.0,1.0
Edmonton,2011-W49,2.0,0.10563118022328549,0.10563118022328549,0.0,1.0,,,,,
Edmonton,2011-W50,1.0,0.12321428571428575,0.12321428571428575,0.0,1.0,1.0,0.12321428571428575,0.12321428571428575,0.0,1.0
Edmonton,2011-W51,2.0,0.1501799308049308,0.1501799308049308,0.0,1.0,1.0,0.12489829614829615,0.12489829614829615,0.0,1.0
Edmonton,2011-W52,6.0,0.12027856576213626,0.11986956398721102,0.0,1.0,3.0,0.11337917785122086,0.12694925444925442,0.0,1.0
Edmonton,2012-W01,3.0,0.11647940716690718,0.13757891414141415,0.0,0.6666666666666666,,,,,
Edmonton,2012-W02,2.0,0.07143477182539681,0.07143477182539681,0.0,1.0,2.0,0.07143477182539681,0.07143477182539681,0.0,1.0
Edmonton,2012-W03,5.0,0.023017636684303375,-0.01640652557319223,0.0,0.2,5.0,0.023017636684303375,-0.01640652557319223,0.0,0.2
Edmonton,2012-W04,5.0,0.1708615206115206,0.08270046020046021,0.0,1.0,2.0,0.309375,0.309375,0.0,1.0
Edmonton,2012-W05,7.0,0.07915216302971405,0.09112055933484504,0.14285714285714285,0.7142857142857143,5.0,0.06446021438878581,0.09112055933484504,0.2,0.8
Edmonton,2012-W06,2.0,0.06815228174603175,0.06815228174603175,0.0,1.0,,,,,
Edmonton,2012-W07,1.0,0.1871229849515564,0.1871229849515564,0.0,1.0,1.0,0.1871229849515564,0.1871229849515564,0.0,1.0
Edmonton,2012-W08,3.0,0.12581894340227673,0.1208767436267436,0.3333333333333333,0.6666666666666666,2.0,0.03323599086099084,0.03323599086099084,0.5,0.5
Edmonton,2012-W09,3.0,0.10224341013482678,0.10070995005677388,0.0,0.6666666666666666,3.0,0.10224341013482678,0.10070995005677388,0.0,0.6666666666666666
Edmonton,2012-W10,2.0,0.10167601945379726,0.10167601945379726,0.0,0.5,2.0,0.10167601945379726,0.10167601945379726,0.0,0.5
Edmonton,2012-W11,8.0,0.09762899931279942,0.10542383797305058,0.0,0.875,6.0,0.09322755463928813,0.0991684960927087,0.0,0.8333333333333334
Edmonton,2012-W12,4.0,0.0898915965444109,0.10175044626575239,0.0,0.75,3.0,0.06783363084383492,0.07142857142857142,0.0,0.6666666666666666
Edmonton,2012-W13,5.0,0.06939148619411777,0.07648785425101208,0.2,0.6,3.0,0.05821200079972008,0.07648785425101208,0.3333333333333333,0.6666666666666666
Edmonton,2012-W14,7.0,0.07302793452893819,0.07717171717171717,0.14285714285714285,0.7142857142857143,4.0,0.05273338668826809,0.07692882694796474,0.25,0.75
Edmonton,2012-W15,4.0,0.08715748482717853,0.06023417340142971,0.25,0.5,2.0,0.04038278250837214,0.04038278250837214,0.5,0.5
Edmonton,2012-W16,4.0,0.16865977037467184,0.19444444444444442,0.0,1.0,2.0,0.14287509630489928,0.14287509630489928,0.0,1.0
Edmonton,2012-W17,7.0,0.09149454897565391,0.11629253598077825,0.0,0.7142857142857143,7.0,0.09149454897565391,0.11629253598077825,0.0,0.7142857142857143
Edmonton,2012-W18,4.0,0.05477958009767644,0.047174900936093604,0.0,0.5,3.0,0.024158267290729073,-0.0094887955182073,0.0,0.3333333333333333
Edmonton,2012-W19,3.0,-0.004255050505050507,0.003749999999999988,0.0,0.0,2.0,-0.00979166666666667,-0.00979166666666667,0.0,0.0
Edmonton,2012-W20,2.0,0.2593532680408025,0.2593532680408025,0.0,1.0,2.0,0.2593532680408025,0.2593532680408025,0.0,1.0
Edmonton,2012-W21,7.0,0.06971460768268127,0.07861813481131663,0.0,0.5714285714285714,7.0,0.06971460768268127,0.07861813481131663,0.0,0.5714285714285714
Edmonton,2012-W22,3.0,0.05685713126323985,0.04639680800597091,0.0,0.3333333333333333,3.0,0.05685713126323985,0.04639680800597091,0.0,0.3333333333333333
Edmonton,2012-W23,14.0,0.08562928551493502,0.0841820421961551,0.07142857142857142,0.6428571428571429,12.0,0.06548524868517312,0.06261785291183439,0.08333333333333333,0.5833333333333334
Edmonton,2012-W24,28.0,0.07777905532007431,0.07576003930280246,0.03571428571428571,0.7142857142857143,27.0,0.07191490510559147,0.07321542492595123,0.037037037037037035,0.7037037037037037
Edmonton,2012-W25,2.0,0.034876104797979805,0.034876104797979805,0.0,0.5,1.0,-0.006565656565656556,-0.006565656565656556,0.0,0.0
Edmonton,2012-W26,7.0,0.17423839244504827,0.19599282296650722,0.0,0.7142857142857143,6.0,0.1684296396707381,0.1465170429681708,0.0,0.6666666666666666
Edmonton,2012-W27,6.0,0.0856839908828545,0.10711826052735143,0.0,0.6666666666666666,4.0,0.07496685606060606,0.07309929653679653,0.0,0.5
Edmonton,2012-W28,2.0,0.1188510101010101,0.1188510101010101,0.0,0.5,2.0,0.1188510101010101,0.1188510101010101,0.0,0.5
Edmonton,2012-W29,2.0,0.13916200466200468,0.13916200466200468,0.0,1.0,,,,,
Edmonton,2012-W31,2.0,-0.020774639822258863,-0.020774639822258863,0.5,0.0,2.0,-0.020774639822258863,-0.020774639822258863,0.5,0.0
Edmonton,2012-W32,10.0,0.17558527172510557,0.1537750014423383,0.0,0.9,8.0,0.17878083208062437,0.1537750014423383,0.0,0.875
Edmonton,2012-W33,1.0,0.13509436157456609,0.13509436157456609,0.0,1.0,1.0,0.13509436157456609,0.13509436157456609,0.0,1.0
Edmonton,2012-W34,4.0,0.10854087752525252,0.1109433621933622,0.25,0.75,3.0,0.09297453703703702,0.0666468253968254,0.3333333333333333,0.6666666666666666
Edmonton,2012-W35,7.0,0.11242883954603866,0.12054432120659558,0.14285714285714285,0.8571428571428571,5.0,0.08713463650164885,0.09193667763157891,0.2,0.8
Edmonton,2012-W36,3.0,0.0071956342268842165,-0.02819602272727273,0.3333333333333333,0.3333333333333333,1.0,0.1311931818181818,0.1311931818181818,0.0,1.0
Edmonton,2012-W37,3.0,0.1734938510200291,0.11867479500332928,0.0,0.6666666666666666,2.0,0.06649077653004368,0.06649077653004368,0.0,0.5
Edmonton,2012-W38,2.0,0.03214616871843434,0.03214616871843434,0.0,0.5,2.0,0.03214616871843434,0.03214616871843434,0.0,0.5
Edmonton,2012-W39,10.0,0.11467532092229966,0.1107260101010101,0.0,0.7,8.0,0.09689002657374998,0.10462363814191145,0.0,0.625
Edmonton,2012-W40,4.0,0.08455550230193087,0.15761681096681096,0.25,0.75,2.0,0.011494193637050773,0.011494193637050773,0.5,0.5
Edmonton,2012-W41,11.0,0.0767321693107269,0.05007846320346321,0.09090909090909091,0.5454545454545454,7.0,0.04579557341902107,0.05007846320346321,0.14285714285714285,0.5714285714285714
Edmonton,2012-W42,5.0,0.019915915486418617,0.03226093647708848,0.2,0.2,2.0,0.03534534427160209,0.03534534427160209,0.0,0.0
Edmonton,2012-W43,3.0,0.17595238095238097,0.23452380952380952,0.0,0.6666666666666666,1.0,0.008333333333333331,0.008333333333333331,0.0,0.0
Edmonton,2012-W44,7.0,-0.0185408688896276,0.06181060606060605,0.42857142857142855,0.5714285714285714,4.0,-0.0009355315458592847,0.06181060606060605,0.25,0.75
Edmonton,2012-W45,9.0,0.13529389659904364,0.11292517006802723,0.1111111111111111,0.8888888888888888,6.0,0.12700554653679652,0.10924036281179139,0.16666666666666666,0.8333333333333334
Edmonton,2012-W46,4.0,0.10220111496509013,0.0837641723356009,0.0,0.75,3.0,0.10690307392170746,0.07943310657596371,0.0,0.6666666666666666
Edmonton,2012-W47,5.0,0.19543243387295267,0.15644335511982563,0.0,1.0,3.0,0.23149643335343395,0.15644335511982563,0.0,1.0
Edmonton,2012-W48,10.0,0.039859396985172775,0.06543162343313735,0.1,0.6,4.0,0.10455347899508893,0.10355369291310326,0.0,0.75
Edmonton,2012-W49,4.0,0.06946417036446798,0.07688331729998396,0.0,0.75,2.0,0.03148578328637852,0.03148578328637852,0.0,0.5
Edmonton,2012-W50,7.0,0.06259835799924372,0.06458333333333333,0.14285714285714285,0.8571428571428571,5.0,0.12972103453227454,0.14125000000000001,0.0,1.0
Edmonton,2012-W51,7.0,0.10396158948477006,0.1178566919191919,0.0,0.7142857142857143,4.0,0.04492531857525961,0.013658910399219674,0.0,0.5
Edmonton,2012-W52,11.0,0.04724591186048278,0.022835624860272744,0.18181818181818182,0.45454545454545453,4.0,0.0023136233370266886,-0.003284072249589487,0.0,0.0
Edmonton,2013-W01,4.0,0.10029499532668674,0.1273129976422387,0.0,0.75,2.0,0.04097940778386205,0.04097940778386205,0.0,0.5
Edmonton,2013-W02,10.0,0.0957961158039035,0.09803075396825398,0.2,0.8,5.0,0.04888648442786627,0.06287878787878788,0.4,0.6
Edmonton,2013-W03,3.0,6.230163040198596e-05,0.08491714378811152,0.3333333333333333,0.6666666666666666,,,,,
Edmonton,2013-W04,5.0,0.13282824027938506,0.14437229437229437,0.2,0.8,3.0,0.1916185666185666,0.14437229437229437,0.0,1.0
Edmonton,2013-W05,4.0,0.12548491994395353,0.11361417539988965,0.0,0.75,3.0,0.16868049403763685,0.12475623582766437,0.0,1.0
Edmonton,2013-W06,6.0,0.10047229471381314,0.06106650404269452,0.0,0.5,4.0,0.06531407893826136,0.01065538194444444,0.0,0.25
Edmonton,2013-W07,10.0,0.06994522895678026,0.09976656445406445,0.0,0.6,10.0,0.06994522895678026,0.09976656445406445,0.0,0.6
Edmonton,2013-W08,5.0,0.08230479988789544,0.07685830429732869,0.0,0.8,4.0,0.06146229088067642,0.07685830429732869,0.0,0.75
Edmonton,2013-W09,4.0,0.11077688438105104,0.12739746673080007,0.0,0.75,2.0,0.060502902961236296,0.060502902961236296,0.0,0.5
Edmonton,2013-W10,8.0,0.11354645177469871,0.11833851006764724,0.0,0.75,5.0,0.09928323904249355,0.1190746555032269,0.0,0.8
Edmonton,2013-W11,7.0,0.0032955765324749297,0.06275946275946276,0.14285714285714285,0.5714285714285714,4.0,0.06683473783911587,0.04802840197465802,0.0,0.5
Edmonton,2013-W12,8.0,0.0828918224838461,0.08413700919934491,0.0,0.75,5.0,0.07376281024714482,0.08063512950980097,0.0,0.6
Edmonton,2013-W13,13.0,0.06802640264027747,0.07532467532467532,0.0,0.6923076923076923,4.0,0.08745517353833494,0.11164142434782867,0.0,0.75
Edmonton,2013-W14,8.0,0.050004665139124924,0.0309592969681285,0.0,0.25,7.0,0.029469617301857053,0.030541351010101025,0.0,0.14285714285714285
Edmonton,2013-W15,10.0,0.1209676277956168,0.08793921356421355,0.0,1.0,7.0,0.0987358779544337,0.06172817521669562,0.0,1.0
Edmonton,2013-W16,9.0,0.13667316335970275,0.08945609276934578,0.0,1.0,6.0,0.1026948409702641,0.0741923320989586,0.0,1.0
Edmonton,2013-W17,7.0,0.10301634983695866,0.07459770114942528,0.14285714285714285,0.5714285714285714,4.0,0.03967991692848239,0.0619047700175886,0.25,0.5
Edmonton,2013-W18,3.0,0.11055590827115064,0.11976296290869001,0.0,0.6666666666666666,2.0,0.159881481454345,0.159881481454345,0.0,1.0
Edmonton,2013-W19,7.0,-0.04510776238283836,0.0087828282828283,0.2857142857142857,0.14285714285714285,6.0,-0.06763792688792687,-0.017199494949494933,0.3333333333333333,0.0
Edmonton,2013-W20,3.0,-0.027173174048174042,0.02422542735042735,0.3333333333333333,0.0,1.0,-0.13055555555555554,-0.13055555555555554,1.0,0.0
Edmonton,2013-W21,3.0,0.15922318422318424,0.2276695526695527,0.0,0.6666666666666666,3.0,0.15922318422318424,0.2276695526695527,0.0,0.6666666666666666
Edmonton,2013-W22,7.0,0.13378948843218882,0.06640401886670542,0.2857142857142857,0.7142857142857143,6.0,0.16673588465236844,0.11170531984842791,0.16666666666666666,0.8333333333333334
Edmonton,2013-W23,6.0,0.1114339431481024,0.1828400072150072,0.16666666666666666,0.6666666666666666,4.0,0.14284235291359182,0.1922718253968254,0.0,0.75
Edmonton,2013-W24,5.0,0.044842489581125945,0.045833333333333344,0.0,0.4,3.0,0.05068732193732193,0.045833333333333344,0.0,0.3333333333333333
Edmonton,2013-W25,7.0,0.13232362928218544,0.11375000000000002,0.0,0.8571428571428571,3.0,0.09247146495809598,0.07780748663101604,0.0,0.6666666666666666
Edmonton,2013-W26,8.0,0.130445677008177,0.13923220298220298,0.125,0.5,6.0,0.12392115600448934,0.11699074074074074,0.16666666666666666,0.5
Edmonton,2013-W27,5.0,0.0017091094619666152,0.03333333333333333,0.2,0.4,2.0,0.0059154761904762175,0.0059154761904762175,0.0,0.5
Edmonton,2013-W28,8.0,0.12202940674669607,0.11921394782785912,0.0,0.75,8.0,0.12202940674669607,0.11921394782785912,0.0,0.75
Edmonton,2013-W29,12.0,0.07373910733945004,0.07079022112472814,0.25,0.5833333333333334,8.0,0.01936033699522606,0.034492923668797866,0.375,0.5
Edmonton,2013-W30,5.0,0.047273191473559115,0.020039682539682538,0.0,0.2,3.0,0.025277702621452614,0.013888888888888886,0.0,0.0
Edmonton,2013-W31,10.0,0.097272387438408,0.0890351664796109,0.0,0.8,5.0,0.040810807923894785,0.0697665429808287,0.0,0.6
Edmonton,2013-W32,11.0,0.013477985548607036,0.007340802548056425,0.2727272727272727,0.2727272727272727,9.0,0.01852900611027076,0.007340802548056425,0.2222222222222222,0.3333333333333333
Edmonton,2013-W33,5.0,0.10430409436501872,0.09572192513368985,0.0,0.8,4.0,0.1303801179562734,0.10935717468805704,0.0,1.0
Edmonton,2013-W34,7.0,0.1348935369384749,0.12171052631578948,0.0,0.7142857142857143,4.0,0.06709869630233768,0.07026326386791505,0.0,0.5
Edmonton,2013-W35,8.0,0.040339737612385004,0.10982719630696375,0.25,0.625,7.0,0.02642414045002319,0.0998586824374226,0.2857142857142857,0.5714285714285714
Edmonton,2013-W36,7.0,0.09005824066031974,0.12628237259816202,0.2857142857142857,0.7142857142857143,6.0,0.06321188683097907,0.11369287038735047,0.3333333333333333,0.6666666666666666
Edmonton,2013-W37,9.0,0.1551063151851587,0.10495920745920746,0.0,0.8888888888888888,7.0,0.15810379446041675,0.10495920745920746,0.0,0.8571428571428571
Edmonton,2013-W38,8.0,0.052481027404402136,0.06526391585674673,0.25,0.625,7.0,0.08400429105957648,0.06661489280055455,0.14285714285714285,0.7142857142857143
Edmonton,2013-W39,1.0,0.07533333333333334,0.07533333333333334,0.0,1.0,1.0,0.07533333333333334,0.07533333333333334,0.0,1.0
Edmonton,2013-W40,11.0,0.11709232586613626,0.11684510611339886,0.0,0.8181818181818182,8.0,0.11257932901831831,0.11684510611339886,0.0,0.875
Edmonton,2013-W41,6.0,-0.023901626953702616,-0.019836429264395366,0.3333333333333333,0.3333333333333333,4.0,0.01514413244101895,-0.019836429264395366,0.25,0.25
Edmonton,2013-W42,10.0,0.09377535670930141,0.08643603529635593,0.1,0.6,6.0,0.11665802196459646,0.10365851519740726,0.0,0.8333333333333334
Edmonton,2013-W43,8.0,0.15903187114848716,0.13682594030276854,0.0,0.875,6.0,0.12275678057893526,0.1112840113047383,0.0,0.8333333333333334
Edmonton,2013-W44,9.0,0.041932260231323945,0.01032073986619439,0.1111111111111111,0.4444444444444444,6.0,0.012717468127129256,0.04020282540465714,0.16666666666666666,0.5
Edmonton,2013-W45,3.0,0.026237717309145897,-0.02704081632653062,0.3333333333333333,0.3333333333333333,2.0,-0.05240929705215419,-0.05240929705215419,0.5,0.0
Edmonton,2013-W46,9.0,0.06513554618183215,0.0822785315803513,0.1111111111111111,0.6666666666666666,5.0,0.003263935397250137,0.06388888888888888,0.2,0.6
Edmonton,2013-W47,7.0,0.11965879758004673,0.0625,0.0,0.5714285714285714,5.0,0.15502231661206542,0.20650914422483727,0.0,0.6
Edmonton,2013-W48,4.0,0.005706773165594856,0.08119928097893737,0.25,0.75,2.0,0.11664081905846245,0.11664081905846245,0.0,1.0
Edmonton,2013-W49,8.0,0.01545321747548807,0.050451519806358515,0.25,0.5,4.0,0.05004094440806625,0.08688930117501543,0.25,0.5
Edmonton,2013-W50,13.0,0.17193452729533626,0.1172348484848485,0.07692307692307693,0.8461538461538461,6.0,0.05263035745022195,0.07366394531103879,0.16666666666666666,0.6666666666666666
Edmonton,2013-W51,5.0,0.14556799392736894,0.02916272095959598,0.0,0.4,3.0,0.17876852603415105,0.02916272095959598,0.0,0.3333333333333333
Edmonton,2013-W52,8.0,-0.019792742187888547,-0.020289748130657228,0.375,0.375,6.0,-0.03791028443714625,-0.05267224658458425,0.5,0.3333333333333333
Edmonton,2014-W01,3.0,0.0470317654661089,0.06797520661157025,0.3333333333333333,0.6666666666666666,2.0,0.0023658300173451663,0.0023658300173451663,0.5,0.5
Regina,2010-W06,2.0,0.004191984953703702,0.004191984953703702,0.0,0.0,2.0,0.004191984953703702,0.004191984953703702,0.0,0.0
Regina,2010-W07,1.0,0.19838564213564214,0.19838564213564214,0.0,1.0,1.0,0.19838564213564214,0.19838564213564214,0.0,1.0
Regina,2010-W23,1.0,0.015425217786328906,0.015425217786328906,0.0,0.0,1.0,0.015425217786328906,0.015425217786328906,0.0,0.0
Regina,2010-W29,1.0,0.04999999999999999,0.04999999999999999,0.0,0.0,1.0,0.04999999999999999,0.04999999999999999,0.0,0.0
Regina,2010-W32,1.0,-0.20833333333333334,-0.20833333333333334,1.0,0.0,1.0,-0.20833333333333334,-0.20833333333333334,1.0,0.0
Regina,2010-W36,1.0,0.1296025979939915,0.1296025979939915,0.0,1.0,1.0,0.1296025979939915,0.1296025979939915,0.0,1.0
Regina,2010-W37,1.0,0.19045138888888888,0.19045138888888888,0.0,1.0,,,,,
Regina,2010-W42,1.0,0.08571428571428573,0.08571428571428573,0.0,1.0,1.0,0.08571428571428573,0.08571428571428573,0.0,1.0
Regina,2010-W43,1.0,-0.06475337921626989,-0.06475337921626989,1.0,0.0,1.0,-0.06475337921626989,-0.06475337921626989,1.0,0.0
Regina,2011-W01,1.0,0.1606060606060606,0.1606060606060606,0.0,1.0,,,,,
Regina,2011-W02,1.0,-0.05919312169312169,-0.05919312169312169,1.0,0.0,,,,,
Regina,2011-W05,1.0,0.23886574074074074,0.23886574074074074,0.0,1.0,1.0,0.23886574074074074,0.23886574074074074,0.0,1.0
Regina,2011-W06,1.0,0.2287929035250464,0.2287929035250464,0.0,1.0,1.0,0.2287929035250464,0.2287929035250464,0.0,1.0
Regina,2011-W16,1.0,0.1708544280578179,0.1708544280578179,0.0,1.0,1.0,0.1708544280578179,0.1708544280578179,0.0,1.0
Regina,2011-W21,2.0,0.15132703081232493,0.15132703081232493,0.0,0.5,1.0,0.002654061624649866,0.002654061624649866,0.0,0.0
Regina,2011-W24,1.0,-0.029320175438596493,-0.029320175438596493,0.0,0.0,1.0,-0.029320175438596493,-0.029320175438596493,0.0,0.0
Regina,2011-W25,3.0,-0.032108777187724556,-0.029320175438596493,0.0,0.0,3.0,-0.032108777187724556,-0.029320175438596493,0.0,0.0
Regina,2011-W26,2.0,0.07123564514189513,0.07123564514189513,0.0,1.0,2.0,0.07123564514189513,0.07123564514189513,0.0,1.0
Regina,2011-W27,3.0,0.10696592318519445,0.10581757703081231,0.0,1.0,3.0,0.10696592318519445,0.10581757703081231,0.0,1.0
Regina,2011-W35,2.0,0.17875316730467528,0.17875316730467528,0.0,1.0,2.0,0.17875316730467528,0.17875316730467528,0.0,1.0
Regina,2011-W36,2.0,0.08590337902837904,0.08590337902837904,0.0,1.0,1.0,0.07180134680134681,0.07180134680134681,0.0,1.0
Regina,2011-W41,1.0,0.09467592592592594,0.09467592592592594,0.0,1.0,,,,,
Regina,2011-W42,1.0,-0.16666666666666666,-0.16666666666666666,1.0,0.0,,,,,
Regina,2011-W45,1.0,-0.024999999999999994,-0.024999999999999994,0.0,0.0,,,,,
Regina,2011-W46,2.0,-0.013392857142857123,-0.013392857142857123,0.5,0.5,1.0,-0.20178571428571426,-0.20178571428571426,1.0,0.0
Regina,2011-W48,3.0,0.07060132916757235,0.0681395233119371,0.0,1.0,2.0,0.06090199375135854,0.06090199375135854,0.0,1.0
Regina,2011-W49,1.0,0.14724266474266476,0.14724266474266476,0.0,1.0,,,,,
Regina,2011-W50,2.0,-0.04431818181818182,-0.04431818181818182,0.5,0.0,1.0,0.0,0.0,0.0,0.0
Regina,2011-W51,1.0,0.19357142857142856,0.19357142857142856,0.0,1.0,1.0,0.19357142857142856,0.19357142857142856,0.0,1.0
Regina,2011-W52,1.0,0.21173809523809525,0.21173809523809525,0.0,1.0,1.0,0.21173809523809525,0.21173809523809525,0.0,1.0
Regina,2012-W02,1.0,0.24060606060606063,0.24060606060606063,0.0,1.0,,,,,
Regina,2012-W03,1.0,0.21339285714285713,0.21339285714285713,0.0,1.0,1.0,0.21339285714285713,0.21339285714285713,0.0,1.0
Regina,2012-W05,2.0,0.06738883053221287,0.06738883053221287,0.0,0.5,2.0,0.06738883053221287,0.06738883053221287,0.0,0.5
Regina,2012-W07,2.0,0.010800527991303675,0.010800527991303675,0.0,0.0,2.0,0.010800527991303675,0.010800527991303675,0.0,0.0
Regina,2012-W08,1.0,-0.23333333333333334,-0.23333333333333334,1.0,0.0,1.0,-0.23333333333333334,-0.23333333333333334,1.0,0.0
Regina,2012-W09,3.0,0.07741443453217202,0.07956615333664516,0.0,0.6666666666666666,2.0,0.12237165179825803,0.12237165179825803,0.0,1.0
Regina,2012-W10,1.0,0.15374961135432336,0.15374961135432336,0.0,1.0,1.0,0.15374961135432336,0.15374961135432336,0.0,1.0
Regina,2012-W11,3.0,-0.06513517853978383,0.13972177919546336,0.3333333333333333,0.6666666666666666,2.0,0.21479723219032426,0.21479723219032426,0.0,1.0
Regina,2012-W12,3.0,0.09187521635430894,0.04749380366468972,0.0,0.3333333333333333,3.0,0.09187521635430894,0.04749380366468972,0.0,0.3333333333333333
Regina,2012-W13,1.0,0.0012820512820512775,0.0012820512820512775,0.0,0.0,1.0,0.0012820512820512775,0.0012820512820512775,0.0,0.0
Regina,2012-W14,4.0,-0.08078531917817632,-0.09641912320483749,0.75,0.0,4.0,-0.08078531917817632,-0.09641912320483749,0.75,0.0
Regina,2012-W16,4.0,0.04044652158668247,0.08763080772362951,0.25,0.75,3.0,0.019345362115576626,0.07151161544725901,0.3333333333333333,0.6666666666666666
Regina,2012-W17,2.0,0.013284632034632031,0.013284632034632031,0.0,0.5,2.0,0.013284632034632031,0.013284632034632031,0.0,0.5
Regina,2012-W18,1.0,0.15625850340136055,0.15625850340136055,0.0,1.0,1.0,0.15625850340136055,0.15625850340136055,0.0,1.0
Regina,2012-W19,12.0,0.04708574651145339,0.03366186784791436,0.0,0.16666666666666666,11.0,0.0501549802102968,0.034426910299003306,0.0,0.18181818181818182
Regina,2012-W20,4.0,0.08770065531464075,0.08339539622205129,0.0,0.75,4.0,0.08770065531464075,0.08339539622205129,0.0,0.75
Regina,2012-W21,27.0,0.22290745511251092,0.2191233766233766,0.0,1.0,27.0,0.22290745511251092,0.2191233766233766,0.0,1.0
Regina,2012-W22,2.0,0.004086700336700347,0.004086700336700347,0.5,0.5,1.0,-0.1,-0.1,1.0,0.0
Regina,2012-W23,3.0,0.13391670058336727,0.15016835016835017,0.0,1.0,3.0,0.13391670058336727,0.15016835016835017,0.0,1.0
Regina,2012-W24,6.0,0.135288673663383,0.15888621460981087,0.0,0.8333333333333334,6.0,0.135288673663383,0.15888621460981087,0.0,0.8333333333333334
Regina,2012-W25,3.0,0.16544870358406719,0.16734551809089454,0.0,1.0,2.0,0.19686720348989173,0.19686720348989173,0.0,1.0
Regina,2012-W26,2.0,0.06812612095114777,0.06812612095114777,0.0,0.5,2.0,0.06812612095114777,0.06812612095114777,0.0,0.5
Regina,2012-W27,1.0,-0.07916666666666668,-0.07916666666666668,1.0,0.0,,,,,
Regina,2012-W28,1.0,0.35416666666666663,0.35416666666666663,0.0,1.0,,,,,
Regina,2012-W29,2.0,-0.11024305555555554,-0.11024305555555554,0.5,0.5,1.0,-0.31111111111111106,-0.31111111111111106,1.0,0.0
Regina,2012-W30,4.0,-0.03519018307483919,-0.015044231695896863,0.25,0.0,3.0,-0.058031355210896696,-0.01566689623507805,0.3333333333333333,0.0
Regina,2012-W31,1.0,0.10139799154334037,0.10139799154334037,0.0,1.0,1.0,0.10139799154334037,0.10139799154334037,0.0,1.0
Regina,2012-W33,5.0,0.10268866057944079,0.07614195407241764,0.2,0.8,4.0,0.0300435180319933,0.06465052812747868,0.25,0.75
Regina,2012-W34,2.0,-0.006480654761904778,-0.006480654761904778,0.0,0.0,1.0,-0.05,-0.05,0.0,0.0
Regina,2012-W35,1.0,0.04712852497345423,0.04712852497345423,0.0,0.0,1.0,0.04712852497345423,0.04712852497345423,0.0,0.0
Regina,2012-W36,2.0,0.07935706269039602,0.07935706269039602,0.5,0.5,1.0,-0.08333333333333333,-0.08333333333333333,1.0,0.0
Regina,2012-W38,2.0,-0.048257773283814955,-0.048257773283814955,0.5,0.0,1.0,-0.060999503968253974,-0.060999503968253974,1.0,0.0
Regina,2012-W39,1.0,0.02602068241412504,0.02602068241412504,0.0,0.0,1.0,0.02602068241412504,0.02602068241412504,0.0,0.0
Regina,2012-W40,6.0,0.07319153152611407,0.0953010196431249,0.0,0.6666666666666666,6.0,0.07319153152611407,0.0953010196431249,0.0,0.6666666666666666
Regina,2012-W41,2.0,0.12246947496947498,0.12246947496947498,0.0,0.5,1.0,0.04160561660561662,0.04160561660561662,0.0,0.0
Regina,2012-W42,3.0,0.1808811143505021,0.16666666666666666,0.0,1.0,,,,,
Regina,2012-W43,1.0,-0.08333333333333333,-0.08333333333333333,1.0,0.0,1.0,-0.08333333333333333,-0.08333333333333333,1.0,0.0
Regina,2012-W44,3.0,0.08690476858532413,0.1363117484367484,0.3333333333333333,0.6666666666666666,1.0,0.1363117484367484,0.1363117484367484,0.0,1.0
Regina,2012-W45,3.0,0.0774063872842597,0.06012418989392673,0.0,0.6666666666666666,2.0,0.11610958092638955,0.11610958092638955,0.0,1.0
Regina,2012-W46,3.0,0.14305142502046891,0.10246031746031745,0.0,1.0,2.0,0.16334697880054466,0.16334697880054466,0.0,1.0
Regina,2012-W47,3.0,0.09083774250440917,0.10454545454545455,0.0,0.6666666666666666,1.0,0.10454545454545455,0.10454545454545455,0.0,1.0
Regina,2012-W48,1.0,0.0882231040564374,0.0882231040564374,0.0,1.0,1.0,0.0882231040564374,0.0882231040564374,0.0,1.0
Regina,2012-W49,2.0,0.07179326156299841,0.07179326156299841,0.0,0.5,,,,,
Regina,2012-W50,3.0,0.08740770514208014,0.09999999999999998,0.0,1.0,2.0,0.08111155771312022,0.08111155771312022,0.0,1.0
Regina,2013-W01,2.0,0.15415466775058784,0.15415466775058784,0.0,1.0,,,,,
Regina,2013-W02,2.0,0.20585618085618085,0.20585618085618085,0.0,1.0,,,,,
Regina,2013-W03,3.0,-0.0014635477457819273,0.03673810455806869,0.3333333333333333,0.3333333333333333,3.0,-0.0014635477457819273,0.03673810455806869,0.3333333333333333,0.3333333333333333
Regina,2013-W04,2.0,-0.17723611111111112,-0.17723611111111112,0.5,0.5,1.0,0.14552777777777776,0.14552777777777776,0.0,1.0
Regina,2013-W05,2.0,0.2332413812033377,0.2332413812033377,0.0,1.0,1.0,0.12557367149758453,0.12557367149758453,0.0,1.0
Regina,2013-W06,3.0,0.05540426222655138,-0.003026825918392181,0.0,0.3333333333333333,3.0,0.05540426222655138,-0.003026825918392181,0.0,0.3333333333333333
Regina,2013-W07,2.0,0.13126259311825078,0.13126259311825078,0.0,1.0,1.0,0.1615782165395319,0.1615782165395319,0.0,1.0
Regina,2013-W08,2.0,0.03605688582251082,0.03605688582251082,0.0,0.0,2.0,0.03605688582251082,0.03605688582251082,0.0,0.0
Regina,2013-W09,2.0,0.24568452380952382,0.24568452380952382,0.0,1.0,1.0,0.2866071428571429,0.2866071428571429,0.0,1.0
Regina,2013-W10,5.0,0.05233441558441558,0.09267857142857143,0.2,0.8,1.0,-0.22083333333333333,-0.22083333333333333,1.0,0.0
Regina,2013-W11,8.0,0.16679434716433772,0.1847449816036203,0.0,1.0,6.0,0.15296530439612513,0.15480017640881513,0.0,1.0
Regina,2013-W12,5.0,0.06703421319603782,0.108703922340286,0.2,0.8,4.0,0.05176151649504727,0.08346451528269712,0.25,0.75
Regina,2013-W13,4.0,0.04595626625737302,0.07819494548661216,0.25,0.75,2.0,0.0008566208338343581,0.0008566208338343581,0.5,0.5
Regina,2013-W14,4.0,0.06757128731269814,0.03697449027310139,0.0,0.25,3.0,0.10244072876260986,0.04043677515899739,0.0,0.3333333333333333
Regina,2013-W15,1.0,0.16902930823385368,0.16902930823385368,0.0,1.0,,,,,
Regina,2013-W16,4.0,-0.027908874788829065,-0.006938285291943836,0.25,0.0,4.0,-0.027908874788829065,-0.006938285291943836,0.25,0.0
Regina,2013-W17,5.0,0.019232839946185794,0.0,0.2,0.2,1.0,0.04563066893424036,0.04563066893424036,0.0,0.0
Regina,2013-W18,2.0,0.031534888199986094,0.031534888199986094,0.0,0.0,2.0,0.031534888199986094,0.031534888199986094,0.0,0.0
Regina,2013-W19,4.0,0.048048365325151034,0.08397474549260263,0.25,0.5,2.0,0.0866624149659864,0.0866624149659864,0.0,0.5
Regina,2013-W20,3.0,0.1851198820076371,0.1385726801543128,0.0,1.0,2.0,0.1385726801543128,0.1385726801543128,0.0,1.0
Regina,2013-W21,6.0,0.1565929923039209,0.1321043947882183,0.0,0.8333333333333334,4.0,0.09551358657997949,0.08845121381886088,0.0,0.75
Regina,2013-W22,2.0,0.06319340122978181,0.06319340122978181,0.0,0.5,,,,,
Regina,2013-W23,6.0,0.08643551510218177,0.06214285714285713,0.0,1.0,5.0,0.07832246272246271,0.05678571428571427,0.0,1.0
Regina,2013-W24,1.0,0.1884920634920635,0.1884920634920635,0.0,1.0,1.0,0.1884920634920635,0.1884920634920635,0.0,1.0
Regina,2013-W25,1.0,0.13636363636363638,0.13636363636363638,0.0,1.0,1.0,0.13636363636363638,0.13636363636363638,0.0,1.0
Regina,2013-W26,2.0,-0.015462050630528898,-0.015462050630528898,0.5,0.0,2.0,-0.015462050630528898,-0.015462050630528898,0.5,0.0
Regina,2013-W27,1.0,-0.01287337662337662,-0.01287337662337662,0.0,0.0,1.0,-0.01287337662337662,-0.01287337662337662,0.0,0.0
Regina,2013-W28,4.0,0.08249638502661662,0.08385029375386517,0.0,0.75,3.0,0.0977729578132666,0.0872670274170274,0.0,1.0
Regina,2013-W29,2.0,0.11626971447838633,0.11626971447838633,0.0,1.0,1.0,0.08785271216479269,0.08785271216479269,0.0,1.0
Regina,2013-W30,2.0,0.06711428510798262,0.06711428510798262,0.0,0.5,2.0,0.06711428510798262,0.06711428510798262,0.0,0.5
Regina,2013-W31,2.0,-0.083125,-0.083125,1.0,0.0,1.0,-0.10625000000000001,-0.10625000000000001,1.0,0.0
Regina,2013-W32,4.0,-0.0398587574110672,-0.0646862648221344,0.75,0.25,4.0,-0.0398587574110672,-0.0646862648221344,0.75,0.25
Regina,2013-W33,4.0,0.10209514617327119,0.08034122474747475,0.0,0.75,2.0,0.08034122474747475,0.08034122474747475,0.0,1.0
Regina,2013-W34,2.0,0.10550297160466651,0.10550297160466651,0.0,1.0,1.0,0.12962066182405166,0.12962066182405166,0.0,1.0
Regina,2013-W35,5.0,0.14246820271748759,0.11591635819896687,0.0,0.8,4.0,0.14910616384711778,0.10851934523809523,0.0,0.75
Regina,2013-W36,1.0,0.2633333333333333,0.2633333333333333,0.0,1.0,,,,,
Regina,2013-W37,1.0,0.35,0.35,0.0,1.0,,,,,
Regina,2013-W38,1.0,0.3,0.3,0.0,1.0,,,,,
Regina,2013-W39,1.0,0.25277777777777777,0.25277777777777777,0.0,1.0,,,,,
Regina,2013-W40,3.0,0.298260582010582,0.4,0.0,0.6666666666666666,,,,,
Regina,2013-W41,1.0,0.021928840958096288,0.021928840958096288,0.0,0.0,1.0,0.021928840958096288,0.021928840958096288,0.0,0.0
Regina,2013-W42,4.0,-0.07392743084766112,-0.013057463369963364,0.5,0.5,1.0,0.07221840659340659,0.07221840659340659,0.0,1.0
Regina,2013-W43,8.0,0.1325672737299944,0.15713436447811446,0.125,0.875,5.0,0.11149445755272731,0.14980464365881033,0.2,0.8
Regina,2013-W44,2.0,0.04546296296296297,0.04546296296296297,0.5,0.5,1.0,-0.08893518518518517,-0.08893518518518517,1.0,0.0
Regina,2013-W45,6.0,0.09567648033843486,0.11798337692613704,0.16666666666666666,0.6666666666666666,3.0,0.03769985123744889,0.03154761904761904,0.3333333333333333,0.3333333333333333
Regina,2013-W46,6.0,0.1355567160991201,0.1268714790846286,0.0,1.0,3.0,0.11765614729564278,0.12497283506319654,0.0,1.0
Regina,2013-W47,4.0,0.13042609103422617,0.16970992615106034,0.0,0.75,2.0,0.16970992615106034,0.16970992615106034,0.0,1.0
Regina,2013-W48,4.0,0.0832719979972135,0.09090636973180077,0.0,0.75,3.0,0.09440054278416347,0.09118773946360155,0.0,1.0
Regina,2013-W49,11.0,0.10134277216374117,0.12141711229946521,0.18181818181818182,0.6363636363636364,7.0,0.08484894387013046,0.05290791316526611,0.14285714285714285,0.5714285714285714
Regina,2013-W50,8.0,0.1037660434869124,0.11176090093481399,0.0,0.625,7.0,0.1194936440555895,0.11176090093481399,0.0,0.7142857142857143
Regina,2013-W51,3.0,0.07719009697399103,0.0789198437813944,0.0,1.0,2.0,0.08331761299345408,0.08331761299345408,0.0,1.0
Regina,2013-W52,6.0,0.13697536847776315,0.0976891136668859,0.0,0.6666666666666666,3.0,0.22797396240732318,0.27420380273321454,0.0,1.0
Regina,2014-W01,1.0,0.0001527777777777767,0.0001527777777777767,0.0,0.0,1.0,0.0001527777777777767,0.0001527777777777767,0.0,0.0
Saskatoon,2010-W18,1.0,0.11048288075560803,0.11048288075560803,0.0,1.0,,,,,
Saskatoon,2011-W40,1.0,0.12416125541125543,0.12416125541125543,0.0,1.0,,,,,
Saskatoon,2011-W41,2.0,0.12732659138555366,0.12732659138555366,0.0,1.0,2.0,0.12732659138555366,0.12732659138555366,0.0,1.0
Saskatoon,2011-W45,1.0,-0.01636363636363638,-0.01636363636363638,0.0,0.0,,,,,
Saskatoon,2011-W46,1.0,0.040625,0.040625,0.0,0.0,,,,,
Saskatoon,2011-W50,1.0,0.010606060606060598,0.010606060606060598,0.0,0.0,1.0,0.010606060606060598,0.010606060606060598,0.0,0.0
Saskatoon,2011-W52,1.0,0.0,0.0,0.0,0.0,,,,,
Saskatoon,2012-W02,2.0,0.11662946428571427,0.11662946428571427,0.0,0.5,,,,,
Saskatoon,2012-W26,1.0,0.07619047619047618,0.07619047619047618,0.0,1.0,1.0,0.07619047619047618,0.07619047619047618,0.0,1.0
Saskatoon,2012-W29,2.0,0.41914983164983166,0.41914983164983166,0.0,1.0,,,,,
Saskatoon,2012-W37,2.0,0.1798534798534799,0.1798534798534799,0.0,1.0,,,,,
Saskatoon,2012-W45,1.0,0.15633608815426997,0.15633608815426997,0.0,1.0,,,,,
Saskatoon,2012-W48,1.0,0.008333333333333347,0.008333333333333347,0.0,0.0,,,,,
Saskatoon,2012-W51,1.0,0.07135903548947028,0.07135903548947028,0.0,1.0,1.0,0.07135903548947028,0.07135903548947028,0.0,1.0
Saskatoon,2013-W04,1.0,0.06662649219467401,0.06662649219467401,0.0,1.0,,,,,
Saskatoon,2013-W12,1.0,0.12309027777777776,0.12309027777777776,0.0,1.0,,,,,
Saskatoon,2013-W13,2.0,0.1902834145021645,0.1902834145021645,0.0,1.0,,,,,
Saskatoon,2013-W14,2.0,0.14903499278499277,0.14903499278499277,0.0,1.0,,,,,
Saskatoon,2013-W15,1.0,0.10666666666666666,0.10666666666666666,0.0,1.0,,,,,
Saskatoon,2013-W16,1.0,-0.040624999999999994,-0.040624999999999994,0.0,0.0,,,,,
Saskatoon,2013-W17,1.0,0.04951790633608815,0.04951790633608815,0.0,0.0,,,,,
Saskatoon,2013-W21,1.0,0.28875,0.28875,0.0,1.0,,,,,
Saskatoon,2013-W22,1.0,0.22575757575757574,0.22575757575757574,0.0,1.0,,,,,
Saskatoon,2013-W24,1.0,-0.070508658008658,-0.070508658008658,1.0,0.0,,,,,
Saskatoon,2013-W25,1.0,0.10094310451453307,0.10094310451453307,0.0,1.0,1.0,0.10094310451453307,0.10094310451453307,0.0,1.0
Saskatoon,2013-W30,1.0,0.48124999999999996,0.48124999999999996,0.0,1.0,,,,,
Saskatoon,2013-W32,1.0,0.025089126559714806,0.025089126559714806,0.0,0.0,1.0,0.025089126559714806,0.025089126559714806,0.0,0.0
Saskatoon,2013-W34,1.0,0.12146776834276835,0.12146776834276835,0.0,1.0,1.0,0.12146776834276835,0.12146776834276835,0.0,1.0
Saskatoon,2013-W36,1.0,0.08666666666666667,0.08666666666666667,0.0,1.0,,,,,
Saskatoon,2013-W38,1.0,0.11271840682857633,0.11271840682857633,0.0,1.0,1.0,0.11271840682857633,0.11271840682857633,0.0,1.0
Saskatoon,2013-W40,1.0,0.052304033769551,0.052304033769551,0.0,1.0,1.0,0.052304033769551,0.052304033769551,0.0,1.0
Saskatoon,2013-W44,1.0,0.12639892514892512,0.12639892514892512,0.0,1.0,,,,,
Saskatoon,2013-W45,2.0,0.26190468674843675,0.26190468674843675,0.0,1.0,1.0,0.1785712782587783,0.1785712782587783,0.0,1.0
Saskatoon,2013-W49,2.0,0.09088472158183693,0.09088472158183693,0.0,1.0,2.0,0.09088472158183693,0.09088472158183693,0.0,1.0
Saskatoon,2013-W50,2.0,0.05803571428571429,0.05803571428571429,0.0,0.5,,,,,
Saskatoon,2013-W51,1.0,0.03933333333333333,0.03933333333333333,0.0,0.0,1.0,0.03933333333333333,0.03933333333333333,0.0,0.0
Winnipeg,2009-W47,1.0,0.2186270903155984,0.2186270903155984,0.0,1.0,,,,,
Winnipeg,2009-W50,1.0,0.4107142857142857,0.4107142857142857,0.0,1.0,1.0,0.4107142857142857,0.4107142857142857,0.0,1.0
Winnipeg,2010-W02,1.0,-0.005571853741496598,-0.005571853741496598,0.0,0.0,1.0,-0.005571853741496598,-0.005571853741496598,0.0,0.0
Winnipeg,2010-W03,1.0,-0.05,-0.05,0.0,0.0,1.0,-0.05,-0.05,0.0,0.0
Winnipeg,2010-W04,2.0,0.03532632974777756,0.03532632974777756,0.0,0.5,2.0,0.03532632974777756,0.03532632974777756,0.0,0.5
Winnipeg,2010-W12,1.0,0.10763560934015488,0.10763560934015488,0.0,1.0,1.0,0.10763560934015488,0.10763560934015488,0.0,1.0
Winnipeg,2010-W14,3.0,-0.0028909100896658663,-0.011890883626177743,0.3333333333333333,0.3333333333333333,3.0,-0.0028909100896658663,-0.011890883626177743,0.3333333333333333,0.3333333333333333
Winnipeg,2010-W18,2.0,0.09552145188966737,0.09552145188966737,0.0,0.5,1.0,0.001898166937229431,0.001898166937229431,0.0,0.0
Winnipeg,2010-W19,1.0,0.04570341092080222,0.04570341092080222,0.0,0.0,1.0,0.04570341092080222,0.04570341092080222,0.0,0.0
Winnipeg,2010-W20,2.0,0.04352120807000486,0.04352120807000486,0.0,0.5,2.0,0.04352120807000486,0.04352120807000486,0.0,0.5
Winnipeg,2010-W21,1.0,-0.06587301587301587,-0.06587301587301587,1.0,0.0,,,,,
Winnipeg,2010-W23,1.0,-0.011747685185185184,-0.011747685185185184,0.0,0.0,1.0,-0.011747685185185184,-0.011747685185185184,0.0,0.0
Winnipeg,2010-W32,1.0,0.23786652236652236,0.23786652236652236,0.0,1.0,,,,,
Winnipeg,2010-W34,1.0,-0.28944444444444445,-0.28944444444444445,1.0,0.0,1.0,-0.28944444444444445,-0.28944444444444445,1.0,0.0
Winnipeg,2010-W35,1.0,0.21979166666666666,0.21979166666666666,0.0,1.0,,,,,
Winnipeg,2010-W39,1.0,0.129491341991342,0.129491341991342,0.0,1.0,,,,,
Winnipeg,2010-W43,1.0,0.09375,0.09375,0.0,1.0,,,,,
Winnipeg,2010-W52,3.0,-0.08791824494949495,-0.08791824494949495,1.0,0.0,3.0,-0.08791824494949495,-0.08791824494949495,1.0,0.0
Winnipeg,2011-W02,1.0,0.08642335576070512,0.08642335576070512,0.0,1.0,,,,,
Winnipeg,2011-W04,2.0,0.12066849816849817,0.12066849816849817,0.0,0.5,,,,,
Winnipeg,2011-W05,5.0,0.118188258686081,0.10637736247492345,0.0,1.0,1.0,0.12323468528825672,0.12323468528825672,0.0,1.0
Winnipeg,2011-W08,1.0,-0.2535714285714286,-0.2535714285714286,1.0,0.0,1.0,-0.2535714285714286,-0.2535714285714286,1.0,0.0
Winnipeg,2011-W10,1.0,0.1000374273345702,0.1000374273345702,0.0,1.0,1.0,0.1000374273345702,0.1000374273345702,0.0,1.0
Winnipeg,2011-W11,2.0,0.10704805996472665,0.10704805996472665,0.0,1.0,,,,,
Winnipeg,2011-W12,1.0,0.0977272727272727,0.0977272727272727,0.0,1.0,,,,,
Winnipeg,2011-W15,1.0,-0.11200617283950617,-0.11200617283950617,1.0,0.0,1.0,-0.11200617283950617,-0.11200617283950617,1.0,0.0
Winnipeg,2011-W16,1.0,0.05620915032679737,0.05620915032679737,0.0,1.0,1.0,0.05620915032679737,0.05620915032679737,0.0,1.0
Winnipeg,2011-W19,3.0,0.07056114876838561,0.09918344630515685,0.0,0.6666666666666666,2.0,0.10584172315257842,0.10584172315257842,0.0,1.0
Winnipeg,2011-W21,1.0,0.19166666666666665,0.19166666666666665,0.0,1.0,,,,,
Winnipeg,2011-W23,1.0,0.05325854700854701,0.05325854700854701,0.0,1.0,,,,,
Winnipeg,2011-W24,4.0,0.09884549931769795,0.07159972879412607,0.0,0.5,2.0,0.1581786761625471,0.1581786761625471,0.0,1.0
Winnipeg,2011-W25,3.0,0.1193344005953495,0.03702808302808302,0.0,0.3333333333333333,2.0,0.16048755937898274,0.16048755937898274,0.0,0.5
Winnipeg,2011-W26,2.0,0.07473617756512493,0.07473617756512493,0.0,0.5,1.0,0.018361244019138762,0.018361244019138762,0.0,0.0
Winnipeg,2011-W28,2.0,0.07976747517188695,0.07976747517188695,0.0,1.0,,,,,
Winnipeg,2011-W29,2.0,-0.0591995320855615,-0.0591995320855615,0.5,0.0,1.0,-0.014705882352941183,-0.014705882352941183,0.0,0.0
Winnipeg,2011-W30,5.0,0.10023829201101928,0.07777777777777778,0.0,0.6,1.0,0.0013682277318640902,0.0013682277318640902,0.0,0.0
Winnipeg,2011-W32,1.0,0.125,0.125,0.0,1.0,1.0,0.125,0.125,0.0,1.0
Winnipeg,2011-W33,1.0,-0.19027777777777777,-0.19027777777777777,1.0,0.0,,,,,
Winnipeg,2011-W34,2.0,-0.011529356060606046,-0.011529356060606046,0.5,0.5,,,,,
Winnipeg,2011-W37,1.0,0.15302033810683366,0.15302033810683366,0.0,1.0,,,,,
Winnipeg,2011-W39,1.0,0.10528095238095238,0.10528095238095238,0.0,1.0,,,,,
Winnipeg,2011-W40,1.0,-0.019999999999999997,-0.019999999999999997,0.0,0.0,1.0,-0.019999999999999997,-0.019999999999999997,0.0,0.0
Winnipeg,2011-W41,4.0,-0.09394051627384963,-0.10122194163860831,0.5,0.25,1.0,0.01141975308641975,0.01141975308641975,0.0,0.0
Winnipeg,2011-W42,1.0,0.1025375939849624,0.1025375939849624,0.0,1.0,1.0,0.1025375939849624,0.1025375939849624,0.0,1.0
Winnipeg,2011-W43,3.0,-0.13681718450567656,-0.08288690476190476,0.6666666666666666,0.0,1.0,-0.31342592592592594,-0.31342592592592594,1.0,0.0
Winnipeg,2011-W44,1.0,0.11019721019721018,0.11019721019721018,0.0,1.0,1.0,0.11019721019721018,0.11019721019721018,0.0,1.0
Winnipeg,2011-W45,4.0,0.05630952380952381,0.05927028218694887,0.0,0.75,3.0,0.04534685479129924,0.05000000000000001,0.0,0.6666666666666666
Winnipeg,2011-W46,4.0,0.263125,0.017499999999999998,0.0,0.25,3.0,0.017499999999999998,0.017499999999999998,0.0,0.0
Winnipeg,2011-W48,2.0,0.13959012199921292,0.13959012199921292,0.0,0.5,1.0,0.25,0.25,0.0,1.0
Winnipeg,2011-W49,3.0,0.06527777777777778,0.062152777777777786,0.0,0.6666666666666666,,,,,
Winnipeg,2011-W50,4.0,0.10633312000499501,0.04486320970695971,0.25,0.5,2.0,-0.04749000999000999,-0.04749000999000999,0.5,0.0
Winnipeg,2011-W51,2.0,0.16938930976430971,0.16938930976430971,0.0,0.5,2.0,0.16938930976430971,0.16938930976430971,0.0,0.5
Winnipeg,2011-W52,3.0,0.13465114104002993,0.13,0.0,0.6666666666666666,1.0,-0.003016273849607195,-0.003016273849607195,0.0,0.0
Winnipeg,2012-W01,3.0,0.10195247356331234,0.12379185765215178,0.0,0.6666666666666666,3.0,0.10195247356331234,0.12379185765215178,0.0,0.6666666666666666
Winnipeg,2012-W02,5.0,0.08452429021132028,0.07744107744107744,0.0,0.6,3.0,0.115060124538508,0.11450873531230674,0.0,0.6666666666666666
Winnipeg,2012-W03,5.0,-0.026542568542568534,-0.020833333333333325,0.2,0.4,1.0,-0.028221500721500727,-0.028221500721500727,0.0,0.0
Winnipeg,2012-W04,5.0,0.13806464914514444,0.18691602744234312,0.2,0.8,4.0,0.120150255875875,0.18691602744234312,0.25,0.75
Winnipeg,2012-W05,3.0,0.022336583234692484,0.011748222016079155,0.3333333333333333,0.3333333333333333,3.0,0.022336583234692484,0.011748222016079155,0.3333333333333333,0.3333333333333333
Winnipeg,2012-W06,2.0,-0.06746537343128252,-0.06746537343128252,0.5,0.0,2.0,-0.06746537343128252,-0.06746537343128252,0.5,0.0
Winnipeg,2012-W08,4.0,0.024287971311070636,0.048468738505503185,0.25,0.5,4.0,0.024287971311070636,0.048468738505503185,0.25,0.5
Winnipeg,2012-W09,4.0,0.09089704306780028,0.12976928454829895,0.25,0.75,2.0,0.1465666890116517,0.1465666890116517,0.0,1.0
Winnipeg,2012-W10,4.0,0.020645227788084954,0.05795712224283654,0.25,0.75,2.0,0.12437847866419297,0.12437847866419297,0.0,1.0
Winnipeg,2012-W12,4.0,0.0448789983164983,0.025348725348725346,0.0,0.5,2.0,0.02047138047138046,0.02047138047138046,0.0,0.5
Winnipeg,2012-W13,6.0,0.12000916602289756,0.1414728685666186,0.0,0.8333333333333334,4.0,0.15093223006312148,0.1588115214892879,0.0,1.0
Winnipeg,2012-W15,2.0,0.1,0.1,0.0,0.5,1.0,0.0,0.0,0.0,0.0
Winnipeg,2012-W16,6.0,0.06188824001467233,0.05654384735634736,0.0,0.8333333333333334,5.0,0.04932774063143961,0.055828102453102456,0.0,0.8
Winnipeg,2012-W17,3.0,0.1247966415305125,0.16,0.0,0.6666666666666666,2.0,0.18178641251221894,0.18178641251221894,0.0,1.0
Winnipeg,2012-W18,1.0,0.3786541889483066,0.3786541889483066,0.0,1.0,,,,,
Winnipeg,2012-W19,1.0,0.0688668243900802,0.0688668243900802,0.0,1.0,1.0,0.0688668243900802,0.0688668243900802,0.0,1.0
Winnipeg,2012-W20,19.0,0.07060180414093807,0.08456213924963922,0.05263157894736842,0.7894736842105263,16.0,0.08430149248858904,0.08456213924963923,0.0,0.875
Winnipeg,2012-W22,4.0,0.04598295879908612,0.03810363404838869,0.0,0.25,3.0,0.06131061173211483,0.03853658536585367,0.0,0.3333333333333333
Winnipeg,2012-W23,3.0,0.09981349680856429,0.11189674523007856,0.0,0.6666666666666666,2.0,0.09377187259780717,0.09377187259780717,0.0,0.5
Winnipeg,2012-W24,3.0,0.20138242509454632,0.19333333333333333,0.0,1.0,1.0,0.19044357157993524,0.19044357157993524,0.0,1.0
Winnipeg,2012-W25,2.0,0.05979529660562466,0.05979529660562466,0.0,1.0,2.0,0.05979529660562466,0.05979529660562466,0.0,1.0
Winnipeg,2012-W26,4.0,0.06685177342786039,0.07094110096827488,0.0,0.75,4.0,0.06685177342786039,0.07094110096827488,0.0,0.75
Winnipeg,2012-W27,3.0,0.059507614299280955,0.06442027879527878,0.0,0.6666666666666666,1.0,0.06442027879527878,0.06442027879527878,0.0,1.0
Winnipeg,2012-W28,2.0,0.12466916763791763,0.12466916763791763,0.0,0.5,1.0,0.03750000000000001,0.03750000000000001,0.0,0.0
Winnipeg,2012-W29,5.0,0.040951637704297286,0.07705646894476681,0.4,0.6,4.0,0.025040406918731394,0.011965734472383409,0.5,0.5
Winnipeg,2012-W30,1.0,0.09111932129173511,0.09111932129173511,0.0,1.0,1.0,0.09111932129173511,0.09111932129173511,0.0,1.0
Winnipeg,2012-W31,3.0,0.022466869978444052,0.04456168831168832,0.3333333333333333,0.3333333333333333,3.0,0.022466869978444052,0.04456168831168832,0.3333333333333333,0.3333333333333333
Winnipeg,2012-W32,2.0,-0.06909722222222223,-0.06909722222222223,0.5,0.0,1.0,0.049305555555555554,0.049305555555555554,0.0,0.0
Winnipeg,2012-W34,2.0,0.060056901333497066,0.060056901333497066,0.5,0.5,1.0,0.18011380266699414,0.18011380266699414,0.0,1.0
Winnipeg,2012-W35,4.0,0.19449022822567322,0.20216346153846154,0.0,1.0,2.0,0.17714877448808558,0.17714877448808558,0.0,1.0
Winnipeg,2012-W36,4.0,0.14840128434886501,0.15606182795698925,0.0,0.75,2.0,0.1275,0.1275,0.0,0.5
Winnipeg,2012-W37,3.0,0.16013496101252547,0.2606131187652927,0.0,0.6666666666666666,2.0,0.10850478311658436,0.10850478311658436,0.0,0.5
Winnipeg,2012-W39,4.0,0.015137140095147925,-0.002641005912490271,0.0,0.25,2.0,-0.0165714088428932,-0.0165714088428932,0.0,0.0
Winnipeg,2012-W40,4.0,0.10441570359057381,0.10618878850039333,0.0,1.0,1.0,0.1068220214452311,0.1068220214452311,0.0,1.0
Winnipeg,2012-W42,3.0,0.05485138729181698,0.1031104142710588,0.0,0.6666666666666666,3.0,0.05485138729181698,0.1031104142710588,0.0,0.6666666666666666
Winnipeg,2012-W43,2.0,0.10974654413238236,0.10974654413238236,0.0,1.0,2.0,0.10974654413238236,0.10974654413238236,0.0,1.0
Winnipeg,2012-W44,2.0,0.03400831604439849,0.03400831604439849,0.0,0.5,1.0,0.09676663208879697,0.09676663208879697,0.0,1.0
Winnipeg,2012-W45,5.0,0.07005149604033532,0.013749999999999998,0.2,0.4,2.0,-0.022754629629629628,-0.022754629629629628,0.5,0.0
Winnipeg,2012-W46,3.0,0.11577877647585762,0.10453220249138617,0.0,1.0,2.0,0.13193794725682478,0.13193794725682478,0.0,1.0
Winnipeg,2012-W47,4.0,-0.03780250232236556,-0.03780250232236555,0.0,0.0,4.0,-0.03780250232236556,-0.03780250232236555,0.0,0.0
Winnipeg,2012-W48,5.0,0.12441920427799028,0.14208333333333334,0.0,0.8,3.0,0.14333756268553935,0.16145942606641298,0.0,1.0
Winnipeg,2012-W49,3.0,0.14991902578212102,0.18130276380276375,0.0,1.0,2.0,0.1311285386731815,0.1311285386731815,0.0,1.0
Winnipeg,2012-W51,4.0,0.08440788353705739,0.08283973687473895,0.0,0.5,2.0,0.07374882778382987,0.07374882778382987,0.0,0.5
Winnipeg,2012-W52,3.0,0.07327465508808002,0.060072653444746466,0.0,0.6666666666666666,3.0,0.07327465508808002,0.060072653444746466,0.0,0.6666666666666666
Winnipeg,2013-W02,4.0,0.007750319001230424,0.08864878615060899,0.25,0.75,3.0,0.10477820311275167,0.09592753057507161,0.0,1.0
Winnipeg,2013-W03,5.0,-0.022546093168192022,-0.02577507598784194,0.4,0.4,3.0,0.047339368947465064,0.06230920949904157,0.0,0.6666666666666666
Winnipeg,2013-W04,3.0,0.00971610039791859,-0.0269123048668503,0.3333333333333333,0.3333333333333333,2.0,-0.06042584940312212,-0.06042584940312212,0.5,0.0
Winnipeg,2013-W05,10.0,0.028148415621488742,0.07711785058375967,0.3,0.6,6.0,0.021625562989199352,0.07711785058375967,0.3333333333333333,0.6666666666666666
Winnipeg,2013-W06,9.0,0.10457991939858248,0.11034551867885198,0.0,0.6666666666666666,8.0,0.10385921948854879,0.11459104938271604,0.0,0.625
Winnipeg,2013-W07,5.0,0.0362117845980221,0.07626177743824804,0.2,0.6,3.0,0.05881007278713529,0.07626177743824804,0.0,0.6666666666666666
Winnipeg,2013-W08,5.0,0.04097051752486536,0.035081404103143254,0.0,0.2,4.0,0.028246877064811854,0.03204136342723301,0.0,0.0
Winnipeg,2013-W09,13.0,0.12672788671221416,0.12277183600713014,0.0,0.8461538461538461,2.0,0.12157703617854039,0.12157703617854039,0.0,1.0
Winnipeg,2013-W10,3.0,0.06423324150596879,0.009366391184573003,0.0,0.3333333333333333,1.0,0.0,0.0,0.0,0.0
Winnipeg,2013-W11,6.0,-0.008596537319363412,-0.020959595959595956,0.3333333333333333,0.16666666666666666,5.0,-0.049224935692327,-0.020959595959595956,0.4,0.0
Winnipeg,2013-W12,11.0,0.07989225267739969,0.07136483886483887,0.0,0.7272727272727273,9.0,0.0777456706485433,0.07136483886483887,0.0,0.6666666666666666
Winnipeg,2013-W13,5.0,0.07172480729063324,0.06548534798534798,0.0,0.6,2.0,0.10450476432010523,0.10450476432010523,0.0,0.5
Winnipeg,2013-W14,12.0,0.0976802196744282,0.08447141207557879,0.0,0.5833333333333334,8.0,0.07026481215318382,0.06652122921071861,0.0,0.5
Winnipeg,2013-W15,4.0,0.17947486652075434,0.16153595290169365,0.0,1.0,4.0,0.17947486652075434,0.16153595290169365,0.0,1.0
Winnipeg,2013-W16,3.0,0.14876789867883178,0.11575001717858857,0.0,1.0,2.0,0.17562420817443136,0.17562420817443136,0.0,1.0
Winnipeg,2013-W17,5.0,0.06576176348328207,0.0679068560166121,0.0,0.6,2.0,0.08192994643936993,0.08192994643936993,0.0,1.0
Winnipeg,2013-W18,3.0,-0.03368429032075084,-0.008333333333333337,0.3333333333333333,0.3333333333333333,2.0,0.052077731185540405,0.052077731185540405,0.0,0.5
Winnipeg,2013-W19,7.0,0.15465136429718057,0.17853422619047615,0.0,1.0,3.0,0.12397584356373419,0.13939330450072637,0.0,1.0
Winnipeg,2013-W20,3.0,0.05983525733525733,0.07617243867243867,0.0,0.6666666666666666,1.0,0.10333333333333335,0.10333333333333335,0.0,1.0
Winnipeg,2013-W21,2.0,0.14173750053634515,0.14173750053634515,0.0,1.0,2.0,0.14173750053634515,0.14173750053634515,0.0,1.0
Winnipeg,2013-W22,1.0,-0.0625,-0.0625,1.0,0.0,,,,,
Winnipeg,2013-W23,4.0,0.16271123074926686,0.11541903671264139,0.0,1.0,1.0,0.12012378771099705,0.12012378771099705,0.0,1.0
Winnipeg,2013-W24,3.0,0.0958005162152803,0.09809082892416225,0.0,1.0,1.0,0.08571428571428572,0.08571428571428572,0.0,1.0
Winnipeg,2013-W25,3.0,0.14456415390523916,0.14916666666666667,0.0,1.0,3.0,0.14456415390523916,0.14916666666666667,0.0,1.0
Winnipeg,2013-W26,9.0,0.06349494724529887,0.04816483803552767,0.1111111111111111,0.3333333333333333,6.0,0.0805743946021556,0.06075051550628335,0.16666666666666666,0.5
Winnipeg,2013-W27,2.0,0.09637137459656545,0.09637137459656545,0.0,1.0,1.0,0.07052052697090866,0.07052052697090866,0.0,1.0
Winnipeg,2013-W28,3.0,0.14410217699718067,0.10841042709543816,0.0,1.0,3.0,0.14410217699718067,0.10841042709543816,0.0,1.0
Winnipeg,2013-W29,3.0,0.08920144569235477,0.10676432153704876,0.0,1.0,2.0,0.08042000777000777,0.08042000777000777,0.0,1.0
Winnipeg,2013-W30,4.0,0.0106084774752538,0.019307232728285384,0.25,0.5,2.0,-0.0006639072428545889,-0.0006639072428545889,0.5,0.5
Winnipeg,2013-W31,4.0,0.1105805618882542,0.110741985649678,0.0,1.0,3.0,0.11674903842596152,0.1294088390242237,0.0,1.0
Winnipeg,2013-W32,2.0,0.12466023446415603,0.12466023446415603,0.0,1.0,2.0,0.12466023446415603,0.12466023446415603,0.0,1.0
Winnipeg,2013-W33,3.0,0.11828954570333879,0.11076765188834153,0.0,1.0,3.0,0.11828954570333879,0.11076765188834153,0.0,1.0
Winnipeg,2013-W34,1.0,-0.175,-0.175,1.0,0.0,,,,,
Winnipeg,2013-W35,2.0,0.056536067257091475,0.056536067257091475,0.0,0.5,2.0,0.056536067257091475,0.056536067257091475,0.0,0.5
Winnipeg,2013-W36,2.0,-0.15069444444444444,-0.15069444444444444,0.5,0.0,1.0,0.011111111111111108,0.011111111111111108,0.0,0.0
Winnipeg,2013-W37,5.0,0.17442614259721706,0.15025166552035704,0.0,0.8,3.0,0.19635003837758672,0.15025166552035704,0.0,0.6666666666666666
Winnipeg,2013-W38,3.0,0.030425608018567415,0.045588235294117645,0.0,0.3333333333333333,2.0,0.022844294380792298,0.022844294380792298,0.0,0.5
Winnipeg,2013-W39,4.0,-0.028004944865740334,0.05705829208670117,0.25,0.5,1.0,-0.325,-0.325,1.0,0.0
Winnipeg,2013-W40,8.0,0.1176884268448541,0.11902157074951192,0.0,0.875,5.0,0.1071711349923111,0.09533377183161665,0.0,0.8
Winnipeg,2013-W41,1.0,0.0652852852852853,0.0652852852852853,0.0,1.0,1.0,0.0652852852852853,0.0652852852852853,0.0,1.0
Winnipeg,2013-W42,7.0,0.011718662096452753,0.06818181818181818,0.2857142857142857,0.5714285714285714,4.0,-0.0033607523319716115,0.07532672209065937,0.25,0.5
Winnipeg,2013-W43,5.0,-0.05039565295815297,-0.06477272727272727,0.6,0.4,5.0,-0.05039565295815297,-0.06477272727272727,0.6,0.4
Winnipeg,2013-W44,5.0,0.06756265265034786,0.04510484307359307,0.0,0.4,5.0,0.06756265265034786,0.04510484307359307,0.0,0.4
Winnipeg,2013-W45,6.0,0.059045628862284066,0.0533560228687875,0.0,0.6666666666666666,5.0,0.052723080753066996,0.05203168044077134,0.0,0.6
Winnipeg,2013-W46,9.0,0.07025237654603937,0.04985007319689239,0.0,0.4444444444444444,4.0,0.08478533098004447,0.06619046062754211,0.0,0.5
Winnipeg,2013-W47,11.0,0.12020397743406139,0.03116883116883117,0.0,0.45454545454545453,4.0,0.0379977703038529,0.028902902652902664,0.0,0.25
Winnipeg,2013-W48,6.0,0.08233302137200604,0.08128110848569836,0.0,0.5,4.0,0.07914274995122696,0.08128110848569836,0.0,0.5
Winnipeg,2013-W49,5.0,0.0035696429442806225,-0.012500000000000002,0.2,0.2,3.0,-0.0431793829716535,-0.02427536231884058,0.3333333333333333,0.0
Winnipeg,2013-W50,1.0,0.09605873550317992,0.09605873550317992,0.0,1.0,1.0,0.09605873550317992,0.09605873550317992,0.0,1.0
Winnipeg,2013-W51,6.0,0.014569234334453071,0.1063118604355071,0.16666666666666666,0.6666666666666666,6.0,0.014569234334453071,0.1063118604355071,0.16666666666666666,0.6666666666666666
Winnipeg,2013-W52,6.0,0.1550326482367997,0.1902777777777778,0.16666666666666666,0.6666666666666666,2.0,-0.04314858306737868,-0.04314858306737868,0.5,0.0
Winnipeg,2014-W01,2.0,0.05382652621999212,0.05382652621999212,0.0,0.5,1.0,-0.004256628787878798,-0.004256628787878798,0.0,0.0
